serialNo,CAtomCount,TotalAtomCount,HAtomCount,Epsilon,Predicted
1,31,73,33,35400.0,67713.89857548472
2,16,32,9,30800.00004,44857.8022498132
3,13,26,9,7540.000002,31337.95808663893
4,21,58,29,15848.93192,61276.55702699223
5,26,58,29,39810.71706,38192.628319519135
6,18,35,10,26900.0,45354.25533422637
7,24,49,18,27516.00001,49876.73511171439
8,21,47,20,70794.57844,46693.53962079221
9,34,70,30,165958.6907,52043.66903645176
10,48,90,32,21200.0,70732.52102820089
11,28,67,32,71999.99993,58149.1305387371
12,13,23,8,5300.000005,21607.933519236518
13,62,112,46,38700.0,51083.85996538278
14,21,47,18,373000.0002,54603.69187364552
15,38,68,26,8029.999995,40273.43011362715
16,42,76,29,141253.7545,46434.66061857957
17,36,66,26,8000.0,40383.60113406375
18,23,40,15,14950.00001,25303.447151001776
19,28,52,17,172999.9999,49049.76896599162
20,14,36,14,25900.0,52562.79402577459
21,23,46,20,1699.999999,32898.26790652663
22,19,42,17,50799.99997,44983.838326679645
23,46,92,41,93325.43008,53493.80783590295
24,31,54,18,35699.99999,40367.736077633796
25,40,74,26,13489.62883,58410.06001829605
26,27,49,18,28542.00001,36026.37788723052
27,28,73,40,47999.99996,53878.72291498199
28,30,82,40,50000.0,85700.45351347997
29,15,30,13,6600.000007,24530.883023048493
30,19,38,15,43299.99996,34647.18965442752
31,26,53,19,20417.37945,54934.88842740389
32,124,290,158,76859.00007,133857.2590001222
33,44,119,46,200000.0,166117.90493122046
34,27,58,23,62999.99993,57306.29933658442
35,37,109,52,150000.0,129087.94605035931
36,42,94,40,40499.99998,85039.42739086077
37,17,41,20,17900.0,37790.48119911256
38,39,83,30,19000.0,88261.84333557129
39,144,387,237,65000.00005,171555.4526163305
40,21,52,23,41999.99996,57636.812397894035
41,74,166,80,91201.08394,107541.65525786436
42,48,78,30,85999.99995,23902.270505737928
43,18,42,16,57000.00004,53555.70019460093
44,20,44,14,107300.0,61355.68142701769
45,66,132,58,32900.0,76389.80810781161
46,34,60,25,65000.00005,26202.04735582151
47,40,75,32,2259.999999,39241.303491012506
48,39,72,29,58200.00005,42038.21691795802
49,20,49,27,23399.99998,32748.192939852965
50,30,65,26,15135.61248,63522.61535175507
51,29,72,34,43651.58322,68430.69370077096
52,19,53,22,41300.00003,75387.16023858628
53,19,44,18,759999.9995,50152.16266280569
54,25,50,21,47500.00004,37956.42122221613
55,27,68,26,27000.0,91058.07327006798
56,24,52,18,8590.000003,63561.83580554346
57,31,81,34,100000.0,100252.42429926893
58,24,48,14,107499.9999,61135.339386144646
59,20,43,18,65066.99993,40973.676690034736
60,30,72,28,12600.0,87544.36471783629
61,22,52,17,59.46999993,76750.48341495934
62,25,47,15,12000.0,48001.77728694699
63,25,48,20,44600.00003,32788.096886090076
64,15,36,13,48839.99997,51901.08441070662
65,38,73,32,13199.99999,39351.474511449014
66,24,54,24,28800.00002,48954.77950953622
67,11,25,8,4700.000001,39964.905464778465
68,30,65,27,19699.99999,59567.539225328415
69,23,47,18,79432.82347,45370.12039065628
70,25,46,16,23600.0,39485.000929244
71,11,26,11,11499.99999,32661.377316774862
72,21,52,24,4100.000003,53681.73627146738
73,58,124,61,46773.0,64965.263810277684
74,19,41,16,17378.00829,44377.214221829934
75,76,197,100,302000.0,160619.26841590897
76,24,59,23,35500.0,75718.35679234465
77,19,38,16,33200.00002,30692.113528000868
78,22,47,18,104583.0001,49986.9061321509
79,54,142,74,169000.0002,114127.02129568404
80,26,62,34,34300.0,36664.048612491264
81,22,44,17,57000.00004,40256.88156474849
82,36,62,18,66900.00004,53777.40922037152
83,39,83,39,125445.0,52666.1581977314
84,20,43,18,67249.00004,40973.676690034736
85,52,111,54,53000.00005,61049.408137639446
86,18,37,11,30400.00003,50522.57967035242
87,35,77,31,59000.00005,75403.70878746497
88,19,36,12,19347.00002,37389.01757115479
89,30,62,26,50199.99998,49837.514657926
90,35,64,26,7599.999995,35876.98641300562
91,21,45,18,71999.99993,45480.29141109282
92,30,52,22,62500.0,20040.816850869087
93,28,64,26,31622.7766,68194.48660346797
94,30,55,16,22499.99999,57456.37430325809
95,19,41,16,85113.80382,44377.214221829934
96,21,49,18,337999.9998,63727.09233619825
97,18,32,11,12370.00001,27714.07851397064
98,18,46,13,31900.0,83667.72949898633
99,144,387,237,59999.99995,171555.4526163305
100,15,35,15,9873.0,39429.23192657695
101,30,55,21,42400.00004,37680.993671124816
102,28,76,37,70000.0,79429.05198809103
103,31,57,23,30782.99998,34277.45613932958
104,16,31,13,24.30000002,24475.79751283021
105,16,34,9,85000.00006,53981.2027123659
106,66,132,58,29699.99998,76389.80810781161
107,32,66,29,33980.00004,46985.515720762254
108,34,69,31,36800.00003,43526.89267874877
109,43,114,47,180000.0,143971.11338990668
110,21,42,18,37500.00002,31795.19071726375
111,26,64,31,50000.0,57652.67745432396
112,26,50,21,56610.00002,33339.63548072151
113,39,85,29,74131.02413,101340.31992455063
114,48,99,42,26302.67992,72237.06184542153
115,23,47,18,85113.80382,45370.12039065628
116,42,75,27,2691.534804,49783.11264015655
117,17,30,10,7499.999993,27162.539919339222
118,34,64,23,7584.999998,52359.00053378022
119,16,33,13,12200.00001,33599.19797538294
120,46,111,47,180000.0,116435.65547159375
121,40,80,36,24300.00002,46229.500141687684
122,23,43,17,4265.795188,31078.395591977533
123,38,99,47,170000.0,98629.53862823444
124,28,57,22,109000.0,52082.88949024011
125,19,37,12,8599.999995,41950.71780243112
126,12,25,11,7250.000007,23482.891344003878
127,24,48,20,27500.00001,37404.88262758471
128,50,92,38,19000.0,46891.89324920441
129,21,46,18,19310.00001,50041.99164236918
130,23,49,22,27500.00001,38673.216347502384
131,42,67,24,245999.9999,25154.73916922565
132,10,32,14,4139.999999,52783.13606664765
133,29,66,28,35267.00001,64790.94907167277
134,19,39,11,57543.99373,55029.194391410514
135,19,39,16,12299.99999,35253.81375927723
136,21,47,18,407999.9999,54603.69187364552
137,14,28,10,23142.99998,31889.496681270357
138,42,97,46,32299.99998,74994.0713261299
139,51,95,36,94899.99991,63870.360454392176
140,16,33,13,35299.99997,33599.19797538294
141,20,38,13,7003.999993,37940.55616578621
142,44,78,28,6199.999993,50279.565724569715
143,30,58,25,34987.0,35545.789859247256
144,23,43,17,14791.08388,31078.395591977533
145,60,132,58,162700.0,104090.52255677932
146,12,30,18,214.0,18605.859615399087
147,30,65,32,1000.0,39792.158593195134
148,9,21,7,61000.0,34906.75214908895
149,24,64,20,32000.0,110392.08632800641
150,29,59,22,30499.99998,56589.504211298176
151,13,24,8,7400.000005,26169.63375051287
152,13,32,15,22599.99999,34977.702715737134
153,16,29,9,15135.61248,31172.70155598413
154,29,65,22,36411.00003,83959.70559895632
155,11,29,15,23200.0,30526.173504897306
156,34,96,42,150000.0,123186.96153251713
157,22,49,15,9400.000009,70975.5349739836
158,32,54,20,114947.9999,27840.798083285863
159,17,38,16,22000.00001,39925.68501099012
160,12,27,11,19499.99998,32606.291806556594
161,25,44,17,33700.00001,26406.524340264616
162,44,90,38,23442.28815,65469.207235619426
163,19,37,11,45272.00001,45905.79392885778
164,13,31,15,29600.0,30416.00248446077
165,56,118,44,74131.02413,114064.92805486193
166,13,27,12,6995.000003,24034.429938635312
167,11,23,11,15800.0,18976.276622945796
168,57,99,42,103999.9999,30685.990171969926
169,18,44,20,16499.99999,46858.796151447015
170,36,66,28,3300.000001,32473.448881210436
171,37,77,37,52000.00004,42439.680545915784
172,18,46,18,30991.99997,63892.348866853055
173,13,29,9,7499.999993,45023.058780468
174,34,68,24,81283.05162,66650.72533245897
175,21,42,17,27999.99998,35750.266843690406
176,35,70,30,61599.99998,47426.883294957144
177,22,50,21,473000.0003,51806.778446699995
178,19,36,12,20699.99998,37389.01757115479
179,13,26,10,21877.61624,27382.881960212275
180,35,75,26,59999.99995,86055.68895704555
181,14,36,17,25000.00002,40697.56564649462
182,18,37,15,11000.0,34702.27516464579
183,15,31,13,20417.37945,29092.58325432483
184,23,44,16,4700.000001,39595.17194968052
185,19,50,27,5700.000004,41926.678912623924
186,20,44,19,52000.00004,41580.30079488442
187,35,63,23,102329.2992,43180.51456100925
188,30,57,26,35299.99997,27029.013501544236
189,17,37,15,17782.7941,39319.06090614041
190,19,41,16,28840.31503,44377.214221829934
191,27,56,25,23322.0,40272.7466211784
192,28,56,21,34900.0,51476.2653853904
193,20,36,14,8590.0,24862.079576806856
194,12,32,17,2190.000001,31684.336204378444
195,2,8,6,8751.000003,11877.225459385323
196,34,86,38,87000.00008,93390.26372546025
197,46,90,37,56781.00002,60190.71187905684
198,16,29,9,21379.6209,31172.70155598413
199,74,172,80,100300.0,134911.8566455225
200,16,31,13,20892.96131,24475.79751283021
201,15,28,9,28500.0,31227.787066202385
202,41,80,33,15848.93192,53477.94277947303
203,33,58,21,38300.0,37515.737140470024
204,38,76,28,6400.0,68856.87971098471
205,27,59,25,7244.359601,53957.84731500745
206,62,146,80,35702.00003,71709.0795302726
207,44,105,47,240000.0,98299.02556692486
208,19,43,22,9767.000006,29770.15792582273
209,41,73,27,117500.0001,45276.49791909844
210,52,122,61,34900.0,83542.57779669279
211,19,47,22,15400.00001,48016.95885092813
212,19,44,22,2919.0,34331.858157099065
213,15,34,17,12880.0,26957.379442447273
214,37,102,46,140000.0,120886.50118998479
215,19,50,27,6299.999993,41926.678912623924
216,42,95,46,30800.00004,65870.67086357722
217,25,55,20,63095.73445,64719.998505024596
218,13,25,9,27542.28703,26776.257855362564
219,14,36,13,13030.00001,56517.87015220124
220,25,61,28,50999.99999,60449.590881269476
221,22,48,20,3699.999999,46638.454110573955
222,21,49,22,6760.829754,47906.78783049162
223,14,30,10,27139.99998,41012.89714382308
224,29,62,31,74999.99993,34678.91976728734
225,15,27,8,26460.00001,30621.16296135269
226,22,46,19,18000.0,41470.12977444791
227,24,42,18,59600.00004,17944.833492779893
228,32,59,24,19498.446,34828.99473396101
229,54,105,45,103000.0001,60041.320404831946
230,41,109,48,140000.0,126441.10759008746
231,66,126,50,12899.99999,80660.21573156674
232,22,40,14,9499.999994,33875.30901892305
233,14,26,9,8228.0,26721.17234514431
234,32,62,18,57659.99999,72244.55218635002
235,14,32,12,15488.16619,42226.145353522465
236,21,55,24,22000.0,67366.83696529645
237,27,61,24,78000.0,67036.32390398683
238,43,100,52,72999.99998,60331.929519904406
239,60,102,42,135999.9999,30520.733641315106
240,13,30,15,2000.000002,25854.302253184433
241,124,290,158,80802.99995,133857.2590001222
242,43,80,32,9300.00001,48199.447422910445
243,22,55,27,7499.999993,50884.82284452186
244,18,40,14,21500.0,52342.45198490154
245,25,50,20,18321.00001,41911.497348642784
246,15,36,13,26720.00001,51901.08441070662
247,13,30,7,30899.99997,57494.91126459768
248,54,128,57,74131.02413,117499.51220706824
249,20,39,16,13803.84265,30637.028017782613
250,22,54,27,5200.000004,46323.1226132455
251,18,34,10,48400.00004,40792.555102950006
252,15,30,14,25800.0,20575.806896621834
253,16,34,11,43000.00004,46071.05045951259
254,25,50,20,20292.99998,41911.497348642784
255,20,42,14,14013.0,52232.28096446499
256,38,74,26,38600.00003,67643.63150128529
257,116,242,120,100000.0,102122.82663502701
258,7,19,5,7128.530301,42927.07542237878
259,19,35,14,5495.408739,24917.16508702511
260,14,28,12,9745.999999,23979.344428417044
261,18,44,20,17099.99998,46858.796151447015
262,26,53,17,41399.99999,62845.040680257196
263,20,34,12,3000.000002,23648.83136710744
264,20,39,16,2691.534804,30637.028017782613
265,34,68,24,4100.000003,66650.72533245897
266,20,55,25,19952.62315,68028.5465803644
267,21,47,18,275000.0001,54603.69187364552
268,62,136,69,54000.00002,69597.91460820223
269,20,47,21,9900.000009,47355.24923586017
270,34,64,25,14799.99999,44448.84828092691
271,10,20,6,8259.999994,29683.342302744626
272,37,86,40,38904.5145,71629.75424812308
273,43,114,47,180000.0,143971.11338990668
274,27,50,19,14000.00001,36633.0019920802
275,10,32,14,5709.0,52783.13606664765
276,8,20,8,2500.000002,31006.761532880562
277,14,28,8,23399.99998,39799.64893412367
278,52,102,44,18599.99999,59544.86732041877
279,39,102,47,120000.0,107697.85358056889
280,48,95,42,18300.00001,53990.26092031613
281,18,37,15,23442.28815,34702.27516464579
282,26,62,30,42800.0,52484.35311819788
283,22,50,22,89125.09381,47851.70232027334
284,18,37,15,22908.67653,34702.27516464579
285,9,18,6,16800.0,25176.727581686537
286,15,35,16,17500.00001,35474.15580015029
287,28,55,22,16499.99999,42959.48902768741
288,20,49,24,3800.000003,44613.42131913293
289,60,136,62,79500.00006,106517.01897617805
290,43,85,35,37153.52291,59142.72020001222
291,20,39,16,14454.39771,30637.028017782613
292,40,92,42,31200.0,77239.44615844401
293,17,30,8,34600.00002,35072.69217219253
294,39,79,37,8299.999993,42329.50952547925
295,58,124,61,50118.0,64965.263810277684
296,22,50,21,488999.9999,51806.778446699995
297,25,51,23,15940.0,34607.96920063918
298,22,49,15,9099.999993,70975.5349739836
299,2,4,2,5999.999995,9450.729039986523
300,34,68,24,4799.999996,66650.72533245897
301,31,74,33,22000.00001,72275.59880676106
302,22,42,17,14899.99999,31133.481102195787
303,18,48,25,80000.0,45330.21644441915
304,18,33,10,12000.0,36230.85487167367
305,96,162,54,356039.9997,90557.54730697029
306,13,30,7,29100.0,57494.91126459768
307,26,49,19,29758.99997,36688.087502298484
308,25,46,20,7699.999997,23664.696423537378
309,27,51,18,35888.99996,45149.77834978322
310,18,37,15,11000.0,34702.27516464579
311,87,201,112,128824.9552,80620.51266745373
312,46,96,47,18599.99999,48010.15200244842
313,48,88,30,115999.9999,69519.27281850146
314,38,81,38,39000.0,52114.61960309994
315,30,62,26,46200.00005,49837.514657926
316,21,47,19,44600.00003,50648.615747218864
317,18,36,11,4045.758917,45960.87943907608
318,28,60,22,17699.99999,65767.99018406919
319,36,75,34,16000.00001,49798.2942041377
320,35,87,42,100000.0,77514.87370953534
321,28,56,23,205999.9998,43566.11313253709
322,13,25,11,7413.102413,18866.10560250925
323,34,68,26,78000.00006,58740.57307960566
324,52,111,54,26999.99999,61049.408137639446
325,28,62,34,43000.00004,27430.477129501996
326,28,52,20,59299.99995,37184.54058671165
327,42,80,33,63095.73445,48861.15703797841
328,16,34,10,84199.9999,50026.126585939244
329,28,62,29,98600.00001,47205.85776163527
330,50,110,56,28269.99997,57811.12713649904
331,19,41,16,91201.08394,44377.214221829934
332,24,44,16,14791.08388,34978.386208185904
333,13,24,9,1800.0,22214.557624086214
334,19,45,23,6760.829754,34938.482261948775
335,53,120,55,240000.0002,93532.84835120544
336,20,41,13,11700.0,51625.65685961528
337,32,68,32,48099.99996,44243.68780403496
338,27,49,15,124000.0,47891.606266510484
339,40,101,47,240000.0,98519.36760779793
340,22,52,23,10385.99999,53020.026656399416
341,22,50,21,133000.0,51806.778446699995
342,38,64,22,9400.000009,37846.933694228384
343,54,117,57,26999.99999,67320.80966302831
344,8,16,5,6800.000005,24625.1889870551
345,27,59,23,16000.00001,61867.99956786076
346,60,136,46,38904.5145,169798.23699900456
347,16,45,18,52.00000004,68564.22011856595
348,25,72,30,35000.0,102718.14117245609
349,41,81,35,25118.86432,50129.490757896056
350,36,71,21,190546.0718,82967.48292257875
351,19,42,17,30300.00003,44983.838326679645
352,41,82,34,23466.99998,58646.26711559905
353,42,82,35,61700.0,50074.40524767777
354,24,42,18,1258.925412,17944.833492779893
355,54,116,52,28500.0,82534.49006388526
356,16,36,18,7400.000005,27508.91803707873
357,75,147,66,72938.00008,71623.63089209201
358,24,50,22,28800.00002,38618.1308372841
359,33,74,35,156309.0001,55131.87507091851
360,34,58,16,85999.99995,52674.33203110868
361,40,75,32,2230.0,39241.303491012506
362,20,39,13,4999.999996,42502.25639706258
363,32,71,30,25118.86432,65838.94075071733
364,35,61,26,18600.0,22191.885719176556
365,23,53,27,65500.0,37144.636640474506
366,60,128,60,81199.99995,77933.56937882057
367,39,71,23,100000.0,61206.973445241565
368,42,103,52,270000.0,78633.81595522808
369,13,30,7,32200.00002,57494.91126459768
370,40,99,50,220000.0,77530.73876596524
371,42,97,41,36899.99999,94769.45195826318
372,24,50,26,44668.35922,22797.826331577482
373,60,158,90,53703.17964,96132.29252431155
374,10,20,6,13549.00001,29683.342302744626
375,33,87,36,100000.0,110478.90195108452
376,20,44,19,49000.0,41580.30079488442
377,28,56,20,55172.00006,55431.34151181706
378,40,74,26,39999.99997,58410.06001829605
379,35,75,26,57000.00004,86055.68895704555
380,14,36,17,25000.00002,40697.56564649462
381,21,38,16,9659.999991,21458.54204501163
382,17,49,23,6280.000004,62418.854670043445
383,23,50,21,7199.999993,47189.992705205375
384,14,35,12,16920.00001,55911.24604735153
385,47,85,36,28183.82931,36720.50110760708
386,48,78,29,243000.0002,27857.346632164586
387,27,51,19,58156.00002,41194.702223356566
388,23,47,18,77624.71166,45370.12039065628
389,16,42,18,25118.86432,54879.11942473686
390,24,54,24,22176.0,48954.77950953622
391,15,33,10,29667.00003,50081.21209615753
392,57,119,62,90800.0001,42818.47226896385
393,26,53,19,41300.00003,54934.88842740389
394,41,87,41,126769.9999,53769.23538699425
395,37,109,52,150000.0,129087.94605035931
396,22,50,22,63095.73445,47851.70232027334
397,26,64,30,46300.0,61607.753580750614
398,14,35,11,7490.000005,59866.32217377819
399,22,45,20,10599.99999,32953.35341674488
400,39,81,31,41686.93835,75183.36674659193
401,25,65,31,63095.73445,66831.16342709491
402,16,35,16,29512.09227,30857.370058655673
403,20,44,15,31.30000003,57400.605300591036
404,27,51,17,38249.99996,49104.854476209875
405,24,53,24,86499.99991,44393.07927825986
406,25,49,18,58000.00006,45259.94937021976
407,19,37,16,5454.000005,26130.413296724502
408,45,97,45,22908.67653,65098.790228072685
409,20,47,25,56234.13252,31534.944730153547
410,42,87,34,58000.00006,76837.98253048622
411,22,47,18,33300.00004,49986.9061321509
412,19,36,14,34049.99998,29478.865318301476
413,13,35,14,55100.00002,52617.879535992855
414,9,21,7,58000.00006,34906.75214908895
415,23,48,22,9549.92586,34111.51611622602
416,55,102,42,8949.999993,53604.66234878823
417,19,44,22,3000.000002,34331.858157099065
418,28,68,34,12800.00001,54800.67851716013
419,26,50,21,64057.99998,33339.63548072151
420,30,52,19,12800.00001,31906.045230149055
421,55,119,59,63095.73445,63917.27213123306
422,40,103,49,220000.0,99732.61581749728
423,27,56,25,18498.0,40272.7466211784
424,24,38,14,16699.99999,15518.337073381075
425,25,55,24,37100.00003,48899.69399931797
426,57,94,24,54099.99999,79068.85929126793
427,24,54,24,30461.00003,48954.77950953622
428,18,48,25,91999.99993,45330.21644441915
429,27,54,23,300000.0002,39059.498411479006
430,27,51,19,58375.99997,41194.702223356566
431,28,61,25,322000.0002,58464.46203606556
432,10,18,5,9245.999998,24515.01796661857
433,45,116,47,240000.0,143860.94236947017
434,36,90,50,26000.0,54942.579650456544
435,28,66,32,4999.999996,53587.43030746077
436,18,33,11,6100.0,32275.77874524701
437,32,68,24,54954.08739,75884.29681544821
438,39,97,43,140000.0,100709.65692989371
439,62,120,54,99699.99993,55936.85280418045
440,76,160,81,60699.99999,66982.80626079028
441,1,9,5,15.0,25010.787558582964
442,17,35,15,34.70000002,30195.66044358771
443,36,72,30,56500.00002,51933.498016015255
444,15,36,13,13000.0,51901.08441070662
445,19,37,14,19499.99998,34040.56554957781
446,26,51,20,55985.00006,41856.41183842453
447,17,31,13,35481.33892,19859.01177133559
448,27,54,22,217000.0001,43014.57453790566
449,32,63,25,12200.00001,49120.719532639814
450,18,37,15,10500.0,34702.27516464579
451,42,84,40,2818.382931,39422.42507809722
452,29,72,34,42657.95188,68430.69370077096
453,25,49,21,47300.00003,33394.72099093979
454,48,110,42,3800.000003,122415.76438946146
455,37,75,32,115999.9999,53091.66071549639
456,15,33,11,201999.9998,46126.13596973087
457,39,74,31,34300.0,43251.465127657386
458,23,41,15,19809.0,29865.14738227811
459,28,65,35,137000.0,37160.50169690441
460,21,45,18,64500.00005,45480.29141109282
461,25,51,23,28700.00002,34607.96920063918
462,23,48,19,21399.99998,45976.74449550599
463,36,78,32,62700.00002,71393.54715082009
464,29,66,29,1380.384265,60835.87294524611
465,54,142,74,154999.9999,114127.02129568404
466,16,28,10,7000.0,22655.92519828111
467,34,60,22,7699.999997,38067.27573510147
468,27,49,17,72443.59601,39981.454013657174
469,62,112,46,28100.00001,51083.85996538278
470,14,32,16,41999.99996,26405.840847815845
471,22,52,17,51.89000004,76750.48341495934
472,26,45,16,18197.00859,30306.514956473016
473,53,99,39,60400.00005,61018.36151722837
474,13,26,9,2009.999998,31337.95808663893
475,17,41,13,62.69000002,65476.01408409915
476,18,38,14,70794.57844,43219.05152234881
477,17,29,10,32599.99999,22600.839688062857
478,72,126,54,61000.0,37139.196776892364
479,73,164,82,38018.93963,95124.8882839529
480,24,38,14,6900.000004,15518.337073381075
481,23,47,17,18155.15663,49325.196517082935
482,21,42,18,20417.37945,31795.19071726375
483,17,39,19,27999.99998,32622.156862986518
484,13,30,7,34800.0,57494.91126459768
485,33,74,32,81283.05162,66997.10345019848
486,43,117,54,270000.0,129970.68119874917
487,33,70,35,432000.0002,36885.07414581311
488,12,27,12,11748.97555,28651.21568012994
489,37,78,36,36999.99999,50956.45690361884
490,28,56,21,76600.00006,51476.2653853904
491,16,42,13,59.62000004,74654.50005687014
492,19,34,11,15699.99999,32220.693235028713
493,30,50,13,88690.00002,46513.10152615626
494,33,74,32,74131.02413,66997.10345019848
495,29,78,42,70199.99998,64160.28607701586
496,62,146,80,34129.99998,71709.0795302726
497,43,120,53,270000.0,147610.85801900495
498,12,27,12,14125.37545,28651.21568012994
499,17,35,13,10170.0,38105.81269644102
500,12,24,9,11799.99999,26831.34336558084
501,39,74,32,23700.0,39296.38900123073
502,22,50,22,102329.0,47851.70232027334
503,30,65,32,1071.519305,39792.158593195134
504,68,141,60,210000.0,100301.38645345622
505,20,44,16,19000.0,53445.52917416438
506,9,25,11,2296.000001,37333.24856848773
507,16,35,16,15848.93192,30857.370058655673
508,27,51,21,1629.999998,33284.549970503256
509,16,29,12,228000.0,19307.473176704163
510,38,106,46,90000.0,134516.51637359557
511,54,130,69,25000.00002,79161.99915250106
512,30,57,26,31300.00003,27029.013501544236
513,20,46,22,38100.00003,38838.472878157176
514,29,72,34,32359.36569,68430.69370077096
515,35,59,20,53703.17964,36798.942015183755
516,27,52,20,7000.0,41801.326328206276
517,28,52,20,38904.5145,37184.54058671165
518,40,84,40,60799.99996,48655.99656108646
519,1,5,3,399.9999997,14674.138886330846
520,144,387,237,45000.00002,171555.4526163305
521,21,45,19,19498.446,41525.21528466616
522,22,43,16,15200.0,39650.25745989881
523,19,40,15,26500.0,43770.59011698025
524,30,60,22,121900.0001,56534.41870107995
525,17,33,14,70000.0,25027.336107461662
526,21,41,17,27542.28703,31188.56661241404
527,11,21,8,2454.708916,21718.104539673048
528,27,51,17,14000.00001,49104.854476209875
529,20,45,18,80499.99993,50097.07715258744
530,28,70,35,32900.0,59969.002853286205
531,16,40,18,52000.00004,45755.71896218416
532,25,57,24,25671.00002,58023.09446187067
533,20,52,21,20000.0,70163.75039224196
534,22,56,28,33000.00001,51491.44694937154
535,19,37,14,24800.00001,34040.56554957781
536,14,26,9,5427.000005,26721.17234514431
537,18,33,11,29199.99997,32275.77874524701
538,18,48,25,78999.99995,45330.21644441915
539,40,80,36,22100.00002,46229.500141687684
540,21,47,18,313999.9999,54603.69187364552
541,47,93,42,17900.0,49483.646199258015
542,22,60,33,76700.00001,49962.867242343724
543,18,35,13,47616.00005,33489.0269549464
544,25,56,21,42589.99999,65326.62260987427
545,45,116,47,240000.0,143860.94236947017
546,35,83,46,34999.99997,43447.76827872331
547,26,50,22,22657.99998,29384.559354294848
548,35,89,42,14016.00001,86638.27417208807
549,10,22,10,50100.0,22986.43825959071
550,22,60,36,8128.305162,38097.63886306375
551,36,88,42,44399.99999,77459.78819931706
552,38,81,38,50999.99999,52114.61960309994
553,140,310,170,68499.99992,103761.77824461562
554,74,166,80,45708.81896,107541.65525786436
555,21,39,14,7599.999995,33930.394529141304
556,24,53,24,9589.999996,44393.07927825986
557,14,26,8,11000.0,30676.248471570965
558,18,47,26,7499.999993,36813.44008671613
559,14,36,14,16999.99999,52562.79402577459
560,26,49,19,22691.00001,36688.087502298484
561,21,47,19,55200.00003,50648.615747218864
562,17,30,8,33400.00001,35072.69217219253
563,21,49,22,7585.77575,47906.78783049162
564,34,63,24,34869.99997,43842.22417607723
565,17,39,21,29000.00001,24712.00461013321
566,18,38,18,31509.99999,27398.74701664219
567,18,38,18,31560.00003,27398.74701664219
568,13,25,11,5623.413252,18866.10560250925
569,62,146,80,34993.00002,71709.0795302726
570,36,90,38,41630.00001,102403.49316757641
571,32,71,30,58884.36554,65838.94075071733
572,19,44,20,3270.000003,42242.01040995238
573,65,131,65,39000.0,48759.360733043315
574,140,310,170,72500.00007,103761.77824461562
575,22,47,18,44500.0,49986.9061321509
576,15,36,15,40199.99999,43990.93215785331
577,21,42,18,30599.99997,31795.19071726375
578,26,50,21,42762.99999,33339.63548072151
579,12,22,8,107000.0,21663.01902945478
580,20,41,17,35481.33892,35805.35235390866
581,68,129,48,300000.0,93021.89719525981
582,40,103,49,220000.0,99732.61581749728
583,23,51,21,35481.33892,51751.69293648174
584,35,61,26,77800.0,22191.885719176556
585,22,36,14,200.0000002,15628.50809381762
586,25,57,24,30391.00003,58023.09446187067
587,19,42,17,32900.0,44983.838326679645
588,15,32,10,25499.99997,45519.51186488116
589,64,132,62,16499.99999,69803.07508509423
590,29,81,50,26300.0,46204.77775943168
591,15,34,15,38399.99997,34867.53169530058
592,14,28,13,17378.00829,20024.26830199039
593,21,49,18,281999.9998,63727.09233619825
594,18,36,17,58099.99995,22230.422680516145
595,28,56,26,16901.00001,31700.884753257124
596,26,53,19,14454.39771,54934.88842740389
597,25,49,21,38500.00004,33394.72099093979
598,17,36,14,16000.00001,38712.43680129073
599,46,85,34,39000.0,49247.43910195502
600,19,45,22,4819.999997,38893.55838837543
601,35,56,15,36000.00002,42889.22195348797
602,37,78,37,224999.9999,47001.38077719218
603,30,76,40,61999.99993,58330.25212582182
604,39,72,29,72799.99995,42038.21691795802
605,12,26,8,18799.99999,39909.81995456021
606,14,32,13,16904.40932,38271.06922709581
607,31,63,27,8999.999991,45827.353021281124
608,41,82,34,22524.00002,58646.26711559905
609,17,30,8,32599.99999,35072.69217219253
610,30,54,21,24547.08916,33119.29343984845
611,18,38,17,26600.00002,31353.823143068847
612,36,60,16,16350.0,52564.16101067216
613,20,46,17,26000.0,58613.85351029046
614,18,44,20,13700.0,46858.796151447015
615,28,56,21,65000.00005,51476.2653853904
616,32,66,28,46773.51413,50940.59184718891
617,24,53,24,7810.000002,44393.07927825986
618,30,60,23,21000.00001,52579.342574653296
619,33,68,33,83999.99999,35671.82593611369
620,19,46,19,13803.84265,55320.48699893177
621,22,47,17,37900.0,53941.982258577555
622,19,35,12,16595.86907,32827.31733987843
623,32,66,27,42419.99998,54895.66797361557
624,20,45,20,6918.309709,42186.92489973413
625,7,15,8,2860.0,12815.0461179934
626,13,33,15,21000.00001,39539.4029470135
627,10,18,4,18400.0,28470.094093045223
628,22,44,17,35399.73411,40256.88156474849
629,37,76,33,47000.00001,53698.284820346074
630,19,43,18,22000.00001,45590.462431529355
631,26,53,19,27277.00002,54934.88842740389
632,28,50,20,43434.0,28061.140124158923
633,19,47,22,15699.99999,48016.95885092813
634,29,78,34,50000.0,95800.8950884291
635,22,50,22,74131.0,47851.70232027334
636,23,46,16,16368.16521,48718.572412233254
637,16,40,18,11000.0,45755.71896218416
638,32,68,24,56234.13252,75884.29681544821
639,13,25,9,3350.0,26776.257855362564
640,52,111,46,28700.00002,92690.0171490527
641,20,42,19,26800.0,32456.900332331712
642,76,148,64,31040.00003,79478.69763472705
643,44,82,34,2157.123837,44795.90989111519
644,17,46,22,6990.000004,52688.83010264103
645,15,38,17,12022.64435,45204.180367552704
646,25,73,31,17000.0,103324.76527730579
647,18,40,15,28599.99999,48387.37585847489
648,44,80,34,71000.00005,35672.50942856252
649,33,69,31,30000.00002,48143.67842024339
650,12,24,7,148.9999999,34741.49561843415
651,46,85,34,36999.99999,49247.43910195502
652,13,30,14,21877.61624,29809.378379611087
653,19,36,14,27300.0,29478.865318301476
654,46,96,47,36307.80548,48010.15200244842
655,15,37,16,5600.0,44597.556262702994
656,40,103,49,220000.0,99732.61581749728
657,62,126,62,55690.00001,51666.44518042534
658,14,32,8,18700.00002,58046.44985922909
659,29,73,37,335999.9997,61127.165552767336
660,34,68,29,29000.00001,46875.34470032569
661,23,45,19,51299.99999,32291.64380167692
662,16,31,12,25.69999998,28430.873639256864
663,28,56,21,73199.99999,51476.2653853904
664,60,109,42,66799.99993,62452.635260249575
665,24,46,19,31999.99998,32236.558291458667
666,37,75,26,46000.00003,76822.11747405631
667,27,65,32,124000.0,53642.51581767899
668,12,25,10,27606.99998,27437.967470430536
669,18,36,11,13399.99999,45960.87943907608
670,28,56,24,84231.00006,39611.03700611043
671,19,38,14,30149.99997,38602.26578085418
672,21,50,22,160000.0001,52468.48806176796
673,86,170,82,65000.00005,62476.87503218091
674,44,95,42,220000.0001,72457.4038862946
675,34,56,22,28300.00003,19820.474809996012
676,16,40,18,47000.00001,45755.71896218416
677,14,26,8,16559.99998,30676.248471570965
678,17,33,13,27397.99998,28982.41223388832
679,17,32,11,3330.000004,32330.864255465265
680,35,73,37,12999.99999,33426.45110379963
681,25,50,20,22226.0,41911.497348642784
682,18,42,19,19000.0,41690.47181532097
683,17,42,19,4399.999995,46307.25755681559
684,75,159,79,67608.29754,74948.04402386176
685,21,45,19,495000.0001,41525.21528466616
686,20,39,16,3715.352291,30637.028017782613
687,28,52,20,48599.99997,37184.54058671165
688,17,32,11,7100.000005,32330.864255465265
689,64,148,70,205000.0,111149.6697741026
690,23,48,19,30415.00001,45976.74449550599
691,34,73,34,200000.0002,49908.46522457421
692,24,49,18,15907.99999,49876.73511171439
693,46,92,37,120226.4435,69314.11234160958
694,16,41,19,15848.93192,46362.34306703384
695,26,65,29,80000.0,70124.5299384536
696,6,16,8,6920.0,21993.532090764376
697,24,54,24,28740.00001,48954.77950953622
698,52,116,59,29000.00001,64082.52866188797
699,34,72,30,59999.99995,61167.069499004494
700,56,118,34,38399.99997,153615.6893191285
701,32,66,32,12099.99999,35120.28734148229
702,66,114,45,150000.0,45695.193588383685
703,16,42,13,58.13999994,74654.50005687014
704,42,86,37,26028.99998,60411.05391992992
705,26,64,31,50000.0,57652.67745432396
706,12,22,7,7189.999994,25618.095155881434
707,20,36,13,7244.359601,28817.155703233515
708,39,106,48,240000.0,121989.57837924763
709,17,36,14,9099.999993,38712.43680129073
710,116,208,90,150999.9999,65677.30256443062
711,28,59,29,39810.71706,33520.757067806204
712,29,56,23,21000.00001,38949.32739104247
713,46,98,45,35481.33892,65043.70471785446
714,7,15,6,3900.0,20725.19837084671
715,17,39,21,34000.0,24712.00461013321
716,18,39,16,23000.0,39870.59950077187
717,15,29,10,9989.999995,31834.411171052096
718,19,40,15,12000.0,43770.59011698025
719,29,63,34,33100.00002,27375.39161928377
720,21,43,17,25399.0,40311.96707496677
721,33,87,41,120000.0,90703.52131895124
722,24,49,18,21991.00002,49876.73511171439
723,15,32,14,2880.000002,29699.207359174536
724,17,30,8,34499.99999,35072.69217219253
725,36,58,20,88474.99994,27620.456042412803
726,44,98,42,144543.9771,86142.50458012367
727,26,64,31,50000.0,57652.67745432396
728,22,50,21,352999.9997,51806.778446699995
729,63,111,42,115999.9999,57725.67849831845
730,42,111,66,13799.99999,59756.352035465774
731,14,36,14,12000.0,52562.79402577459
732,31,65,29,20892.96131,47040.60123098048
733,36,63,19,52570.0,54384.03332522126
734,21,55,24,2200.000001,67366.83696529645
735,30,65,26,66069.3448,63522.61535175507
736,23,43,18,112000.0001,27123.319465550878
737,35,87,39,14791.08388,89380.1020888153
738,22,45,17,50409.99995,44818.58179602485
739,42,89,39,54319.99997,66186.00236090567
740,38,85,37,7762.471166,74316.496654632
741,20,44,18,72443.59601,45535.37692131107
742,18,43,23,62999.99993,30431.867540890707
743,17,42,15,42.32,62127.56206252221
744,39,106,48,240000.0,121989.57837924763
745,64,132,62,20300.0,69803.07508509423
746,21,38,16,9570.000005,21458.54204501163
747,12,22,10,18599.99999,13752.866776601468
748,28,53,21,51286.1384,37791.16469156134
749,52,93,31,41686.93835,69905.5548824781
750,16,38,16,59999.99995,44542.47075248474
751,10,18,6,19200.0,20559.94184019191
752,51,102,48,162999.9998,48341.34855620677
753,38,82,38,162181.0097,56676.31983437628
754,16,39,21,13440.00001,29328.790351627827
755,26,49,19,12299.99999,36688.087502298484
756,19,50,27,6800.000005,41926.678912623924
757,44,87,39,32000.0,47829.030415363704
758,52,104,46,25400.00002,60758.11553011819
759,21,49,18,291999.9997,63727.09233619825
760,37,76,30,24699.99999,65563.51319962603
761,11,23,8,14600.00001,30841.505002225764
762,35,65,23,26000.0,52303.91502356194
763,28,62,28,98000.00007,51160.933888061925
764,26,54,23,71000.00005,43676.284152973625
765,13,30,14,17782.7941,29809.378379611087
766,19,35,13,16595.86907,28872.24121345177
767,72,120,48,65599.99994,33499.45214779417
768,39,81,35,9772.37221,59363.062240885294
769,51,95,34,68600.00005,71780.51270724548
770,14,27,8,3999.999997,35237.948702847316
771,72,158,78,144500.0,88191.777143496
772,42,80,33,63095.73445,48861.15703797841
773,18,38,16,41999.99996,35308.8992694955
774,32,78,36,190000.0,74040.38561109194
775,14,34,18,2500.000002,27619.089057515237
776,28,52,17,164000.0,49049.76896599162
777,40,86,36,12022.64435,73599.70152934582
778,15,31,12,5400.000002,33047.65938075149
779,54,117,57,33000.00001,67320.80966302831
780,16,34,11,11000.0,46071.05045951259
781,10,20,7,31900.0,25728.26617631797
782,23,59,26,26600.0,68469.9141545593
783,39,80,35,174000.0,54801.36200960896
784,42,84,40,2344.228815,39422.42507809722
785,25,50,20,22699.99999,41911.497348642784
786,22,50,22,21666.99998,47851.70232027334
787,20,40,14,205000.0,43108.88050191229
788,17,36,15,599999.9995,34757.360674864074
789,36,80,40,34200.0,48876.338601959564
790,29,78,42,32399.99998,64160.28607701586
791,11,21,8,13489.62883,21718.104539673048
792,11,25,8,4900.0,39964.905464778465
793,14,36,17,33000.00001,40697.56564649462
794,21,47,18,359000.0003,54603.69187364552
795,17,42,17,22399.99998,54217.4098096689
796,35,61,26,71700.00005,22191.885719176556
797,24,49,17,44900.0,53831.81123814105
798,27,51,18,54987.00001,45149.77834978322
799,29,66,29,15488.16619,60835.87294524611
800,37,92,48,34449.99998,67359.34662436796
801,16,30,8,25000.00002,39689.47791368715
802,40,90,44,9219.999999,60205.89344303797
803,28,67,32,81999.99993,58149.1305387371
804,37,73,30,67099.99997,51878.41250579697
805,40,84,38,56300.00002,56566.14881393977
806,19,43,17,9199.999993,49545.53855795601
807,21,41,17,21379.6209,31188.56661241404
808,28,62,28,18620.87137,51160.933888061925
809,7,15,6,7772.000001,20725.19837084671
810,11,24,8,14480.0,35403.205233502114
811,27,59,29,81283.05162,38137.54280930082
812,21,57,23,18156.0,80445.31355427581
813,29,69,33,81000.00002,58700.66913336856
814,20,46,22,25400.00002,38838.472878157176
815,25,46,16,27842.99997,39485.000929244
816,26,48,21,150000.0,24216.235018168805
817,53,99,42,71999.99993,49153.1331379484
818,39,84,40,41999.99996,53272.78230258108
819,25,63,37,29000.00001,33977.30620598231
820,20,55,30,14100.00001,48253.16594823113
821,28,58,23,33000.99999,52689.513595089804
822,32,74,32,34800.0,71613.8891916931
823,33,72,28,78000.00006,73694.00749335243
824,15,36,13,27909.99997,51901.08441070662
825,34,64,23,4460.000003,52359.00053378022
826,40,110,50,92000.0,127709.44131000518
827,38,73,32,12600.0,39351.474511449014
828,21,38,16,11249.99999,21458.54204501163
829,31,73,33,34999.99997,67713.89857548472
830,19,38,14,20250.00002,38602.26578085418
831,26,50,20,16999.99999,37294.71160714816
832,14,32,15,28599.99999,30360.9169742425
833,23,41,17,26999.99999,21954.995129424802
834,20,42,14,25828.99998,52232.28096446499
835,4,9,4,11499.99999,15115.50646052575
836,34,68,26,72443.59601,58740.57307960566
837,30,57,26,41700.0,27029.013501544236
838,19,42,17,56500.00002,44983.838326679645
839,28,50,18,37399.99998,35971.292377012236
840,46,111,47,147999.9999,116435.65547159375
841,53,101,39,58250.00004,70141.76197978109
842,32,71,30,51286.1384,65838.94075071733
843,16,34,12,22000.00001,42115.97433308593
844,14,32,14,28183.82931,34315.993100669155
845,41,84,37,32900.0,55904.439198871805
846,19,49,24,9499.999994,49230.20706062755
847,28,62,28,16595.86907,51160.933888061925
848,29,65,28,25703.95783,60229.24884039637
849,16,32,9,33400.00001,44857.8022498132
850,37,70,29,66199.99993,42148.38793839456
851,21,45,20,17500.00001,37570.1391582395
852,13,38,20,1119.000001,42572.52347126199
853,54,124,66,71700.00005,63657.02614412289
854,30,52,20,41999.99996,27950.9691037224
855,21,47,20,74131.02413,46693.53962079221
856,22,50,18,38.67999996,63672.00682597997
857,32,89,43,80000.0,96533.55527014527
858,33,73,32,83299.99992,62435.40321892214
859,18,34,9,35400.0,44747.63122937666
860,18,48,25,81999.99993,45330.21644441915
861,13,35,14,52900.0,52617.879535992855
862,66,114,45,14700.00001,45695.193588383685
863,35,62,20,6900.000004,50484.04270901283
864,18,34,10,36999.99999,40792.555102950006
865,19,35,14,5215.000003,24917.16508702511
866,44,86,34,8500.000006,63042.71081622065
867,23,47,24,33000.00001,21639.663632096344
868,55,105,50,47800.00004,35649.15403120405
869,15,32,13,29000.00001,33654.28348560119
870,45,80,31,63800.00004,42920.95206634786
871,24,52,19,16611.99998,59606.7596791168
872,9,23,12,2328.0,24254.771979508387
873,16,26,10,37153.52291,13532.524735728408
874,50,94,40,52400.0,48105.141458903774
875,31,63,25,15800.0,53737.50527413443
876,40,79,25,104712.8548,85173.63730110449
877,25,50,20,18807.99999,41911.497348642784
878,21,47,18,361000.0001,54603.69187364552
879,20,37,13,16218.10097,33378.85593450985
880,39,96,43,140000.0,96147.95669861737
881,16,29,9,19498.446,31172.70155598413
882,15,37,15,15848.93192,48552.63238912965
883,13,23,8,5800.000006,21607.933519236518
884,29,61,27,82500.00009,45937.52404171763
885,15,31,13,13300.0,29092.58325432483
886,23,48,22,13803.84265,34111.51611622602
887,29,64,31,96999.99994,43802.32022984007
888,11,27,14,1900.0,25357.849168771245
889,32,72,29,43099.99998,74355.71710842039
890,16,35,16,24547.08916,30857.370058655673
891,20,42,20,89499.99993,28501.824205905057
892,27,53,20,46773.51413,46363.02655948261
893,28,51,15,90899.99995,52398.220987568566
894,26,51,23,85900.00003,29991.18345914456
895,33,60,24,29000.00001,34773.90922374278
896,14,27,11,4900.0,23372.720323567348
897,18,36,11,3890.45145,45960.87943907608
898,34,73,34,147000.0001,49908.46522457421
899,26,62,30,51600.00004,52484.35311819788
900,26,49,19,14400.0,36688.087502298484
901,21,42,18,37500.00002,31795.19071726375
902,13,27,12,21379.6209,24034.429938635312
903,36,60,16,14150.0,52564.16101067216
904,15,36,13,44600.00003,51901.08441070662
905,11,21,8,23535.00002,21718.104539673048
906,20,40,14,17299.99999,43108.88050191229
907,26,53,19,16600.0,54934.88842740389
908,33,78,33,80000.0,81288.82824887728
909,44,82,16,44668.35922,115987.28016679498
910,13,30,14,20417.37945,29809.378379611087
911,20,47,23,1900.0,39445.09698300686
912,76,148,64,34849.99997,79478.69763472705
913,42,107,51,270000.0,100835.69300676021
914,18,32,11,23630.00002,27714.07851397064
915,18,38,18,40260.00004,27398.74701664219
916,20,37,12,92300.0,37333.93206093651
917,80,181,90,11100.00001,108715.6830137753
918,26,62,30,102329.2992,52484.35311819788
919,35,79,36,63015.99993,64751.728617884415
920,9,16,6,5000.0,16053.327119133819
921,19,41,21,14125.37545,24601.833589696656
922,36,90,38,39594.00002,102403.49316757641
923,16,36,10,184999.9998,59149.527048491975
924,33,80,25,59699.99998,122052.83772284325
925,36,91,46,140000.0,75324.5843874395
926,13,32,15,23600.0,34977.702715737134
927,14,35,15,13803.84265,44046.01766807157
928,69,147,74,34000.0,67683.73632964655
929,38,100,60,51099.99998,51775.24921596425
930,38,84,39,39000.0,61844.64417050235
931,34,62,24,32700.00003,39280.523944800836
932,25,51,20,17500.00001,46473.19757991915
933,18,34,15,20417.37945,21017.174470816724
934,51,95,39,123400.0001,52005.132075112204
935,36,91,46,200000.0,75324.5843874395
936,10,25,10,19599.99998,36671.538953419775
937,18,36,10,1419.057522,49915.955565502736
938,42,74,27,43020.99999,45221.412408880155
939,33,74,32,69183.09709,66997.10345019848
940,16,31,11,23570.00003,32385.94976568352
941,39,79,33,30857.00003,58149.81403118587
942,21,38,11,4970.000003,41233.92267714491
943,31,64,27,12999.99999,50389.05325255746
944,36,66,28,33830.00002,32473.448881210436
945,126,229,94,39999.99997,99484.84550058114
946,47,95,45,99000.00009,46741.818282530774
947,46,76,28,54712.00003,31922.59377902775
948,25,57,25,43651.58322,54068.018335444016
949,35,79,36,52879.99994,64751.728617884415
950,21,40,15,18200.0,34537.018633991014
951,48,85,32,29512.09227,47924.01987181909
952,40,87,42,80099.99998,54430.94500206222
953,12,32,12,56599.99998,51459.71683651172
954,28,62,29,106899.9999,47205.85776163527
955,24,52,19,22331.00002,59606.7596791168
956,38,84,36,61659.50019,73709.87254978233
957,23,59,26,26600.0,68469.9141545593
958,28,51,17,80000.0,44488.068734715256
959,45,97,45,22387.21139,65098.790228072685
960,30,63,28,954.992586,46489.06263634908
961,21,38,12,37389.00002,37278.846550718255
962,15,30,13,5900.000005,24530.883023048493
963,26,60,27,55400.00003,55226.18103492518
964,25,60,29,20000.00002,51932.814523566485
965,38,72,29,105100.0,46655.00265945264
966,26,50,18,44699.99999,45204.863860001475
967,15,36,13,25030.00002,51901.08441070662
968,16,34,6,20730.0,65846.43109164586
969,23,47,19,38000.00003,41415.044264229626
970,38,62,24,36999.99999,20813.380978822344
971,57,126,63,16499.99999,70795.29776147178
972,40,74,32,6500.000005,34679.60325973611
973,30,69,30,39204.99998,65949.1117711539
974,18,45,16,46.61000001,67240.80088843
975,13,29,12,53700.0,33157.83040118804
976,24,48,19,4100.000003,41359.95875401137
977,27,54,23,34499.99999,39059.498411479006
978,27,57,24,18700.00002,48789.5229788814
979,35,80,36,93000.0,69313.42884916082
980,15,38,17,5083.000003,45204.180367552704
981,46,92,37,125892.5412,69314.11234160958
982,23,49,23,58799.99999,34718.14022107573
983,19,38,12,23600.0,46512.41803370749
984,32,58,21,43599.99997,42132.522881964636
985,62,112,46,29699.99998,51083.85996538278
986,21,38,16,10000.0,21458.54204501163
987,17,42,15,42.32,62127.56206252221
988,41,114,49,220000.0,145294.53262004262
989,32,62,26,46162.00004,40603.943174936765
990,39,81,41,14400.0,35632.60548232536
991,19,45,24,6760.829754,30983.40613552212
992,9,17,6,12323.94365,20615.02735041017
993,31,67,27,100000.0,64074.15394638653
994,20,47,25,54954.08739,31534.944730153547
995,34,55,17,69183.09709,35034.15521085296
996,42,76,32,25165.99998,34569.432239299604
997,18,36,11,5272.298614,45960.87943907608
998,17,31,13,34673.68505,19859.01177133559
999,24,49,18,12952.00001,49876.73511171439
1000,19,35,14,15135.61248,24917.16508702511
1001,52,103,45,3300.000001,60151.491425268454
1002,34,66,31,54000.00002,29841.791984919706
1003,34,72,30,89999.99991,61167.069499004494
1004,18,32,8,68000.00005,39579.30689325061
1005,16,34,16,29799.99999,26295.669827379308
1006,21,38,11,3030.000003,41233.92267714491
1007,48,88,30,99399.99991,69519.27281850146
1008,40,98,45,140000.0,92744.41916682219
1009,48,84,26,20399.99998,67092.77639910269
1010,26,49,19,13300.0,36688.087502298484
1011,41,91,50,76100.00004,36420.351174259755
1012,21,48,22,7244.359601,43345.08759921526
1013,22,44,17,53932.00002,40256.88156474849
1014,24,40,16,23000.0,16731.5852830805
1015,25,55,21,19049.00001,60764.922378597934
1016,17,32,11,24800.00001,32330.864255465265
1017,18,32,11,19000.0,27714.07851397064
1018,36,95,41,80000.0,113346.76594467822
1019,21,41,17,22908.67653,31188.56661241404
1020,25,73,31,17000.0,103324.76527730579
1021,21,50,23,3499.999997,48513.411935341304
1022,12,27,11,18499.99998,32606.291806556594
1023,48,94,44,11899.99999,41518.408436186415
1024,22,51,21,329000.0,56368.47867797636
1025,21,39,15,16218.10097,29975.31840271465
1026,19,40,17,18599.99999,35860.43786412694
1027,19,39,14,25400.00002,43163.96601213054
1028,82,185,90,13100.00001,117728.91245589152
1029,12,27,10,77600.0,36561.36793298325
1030,20,44,16,33500.0,53445.52917416438
1031,29,57,21,21000.00001,51421.17987517214
1032,25,47,17,24399.99998,40091.62503409368
1033,134,281,134,41999.99996,141555.9265379286
1034,36,64,25,50337.99995,35215.27679793766
1035,134,281,134,46000.00003,141555.9265379286
1036,62,137,72,57099.99997,62294.386460198715
1037,34,90,44,23000.0,87906.6078920057
1038,18,32,8,61999.99993,39579.30689325061
1039,52,111,49,179000.0,80824.78876977271
1040,63,111,42,48099.99996,57725.67849831845
1041,20,43,16,12589.25412,48883.828942888045
1042,17,36,16,25703.95783,30802.28454843742
1043,42,67,24,358000.0003,25154.73916922565
1044,26,51,20,35410.99997,41856.41183842453
1045,52,111,52,36300.0,68959.56039049276
1046,33,72,31,31000.00001,61828.77911407246
1047,24,57,30,6800.000005,38909.423444805354
1048,27,55,19,313000.0003,59441.503148462
1049,17,30,8,31800.0,35072.69217219253
1050,21,47,17,71500.00003,58558.768000072174
1051,26,59,31,127000.0,34844.17629794216
1052,15,30,14,27700.0,20575.806896621834
1053,18,38,18,34680.00002,27398.74701664219
1054,40,103,49,236000.0,99732.61581749728
1055,23,49,22,60400.00005,38673.216347502384
1056,20,49,22,28100.00001,52523.57357198624
1057,24,50,18,7034.0,54438.43534299073
1058,25,47,14,24547.08916,51956.85341337365
1059,39,84,40,39000.0,53272.78230258108
1060,35,76,30,28840.31503,74797.08468261527
1061,17,34,15,16.20000002,25633.960212311344
1062,21,54,27,4919.000005,50939.90835474012
1063,68,158,84,17299.99999,82928.46335091454
1064,36,72,30,63095.73445,51933.498016015255
1065,34,72,30,76999.99997,61167.069499004494
1066,10,18,8,3801.893963,12649.7895873386
1067,40,82,30,169999.9999,79083.35736280028
1068,19,43,18,3790.0,45590.462431529355
1069,40,113,49,240000.0,145349.6181302609
1070,12,32,12,54400.00004,51459.71683651172
1071,26,66,30,50000.0,70731.15404330334
1072,21,47,20,83176.37711,46693.53962079221
1073,61,115,54,80000.0,37745.137389293275
1074,11,21,8,2511.886432,21718.104539673048
1075,46,85,34,39000.0,49247.43910195502
1076,38,81,38,31999.99998,52114.61960309994
1077,15,30,12,10215.99999,28485.959149475148
1078,30,74,38,52480.74602,57117.0039161224
1079,21,45,18,33700.00001,45480.29141109282
1080,22,40,16,20000.00002,25965.15676606974
1081,62,140,68,32399.99998,91799.79165973436
1082,10,22,6,17000.0,38806.74276529733
1083,12,24,10,5488.000004,22876.267239154186
1084,24,53,24,11839.99999,44393.07927825986
1085,10,29,11,10000.0,50963.26375209855
1086,14,35,15,14791.08388,44046.01766807157
1087,44,76,30,31999.99998,33246.013009163675
1088,22,52,17,62.36000007,76750.48341495934
1089,19,41,17,12000.0,40422.13809540328
1090,20,44,17,16800.00001,49490.45304773773
1091,25,48,20,81999.99993,32788.096886090076
1092,54,124,53,199526.2315,115073.0157876694
1093,21,38,16,10500.0,21458.54204501163
1094,48,114,50,110000.0,109021.95630315362
1095,15,37,17,43700.0,40642.48013627634
1096,21,47,18,368000.0003,54603.69187364552
1097,40,109,45,200000.0,142923.12171086206
1098,15,33,10,32332.99998,50081.21209615753
1099,15,37,17,3651.0,40642.48013627634
1100,13,33,15,19000.0,39539.4029470135
1101,33,71,37,11000.0,33536.622124236135
1102,29,65,28,32359.36569,60229.24884039637
1103,37,76,33,44699.99999,53698.284820346074
1104,23,51,20,29315.00003,55706.7690629084
1105,18,48,25,76999.99997,45330.21644441915
1106,27,56,25,26203.00001,40272.7466211784
1107,21,56,25,21399.99998,67973.46107014612
1108,14,30,14,10715.19305,25192.592638116454
1109,17,41,20,16699.99999,37790.48119911256
1110,18,34,10,36200.00004,40792.555102950006
1111,28,58,23,19525.00002,52689.513595089804
1112,19,37,13,40270.00004,37995.64167600447
1113,124,284,154,42200.0,122307.36211817057
1114,54,99,36,26999.99999,68266.80415501373
1115,18,38,16,31999.99998,35308.8992694955
1116,36,80,33,30400.00003,76561.87148694615
1117,56,118,44,75857.7575,114064.92805486193
1118,26,49,19,17799.99999,36688.087502298484
1119,94,156,62,70800.00005,40780.30839088813
1120,19,39,15,27400.00001,39208.88988570389
1121,42,84,40,2818.382931,39422.42507809722
1122,36,80,40,34499.99999,48876.338601959564
1123,18,34,9,33899.99998,44747.63122937666
1124,32,84,39,150000.0,89545.35861947009
1125,39,74,31,31600.00003,43251.465127657386
1126,20,53,21,36231.0,74725.45062351829
1127,13,33,15,19000.0,39539.4029470135
1128,7,16,4,6456.54229,33197.050854976376
1129,18,44,20,17099.99998,46858.796151447015
1130,24,56,29,101900.0,38302.79933995564
1131,43,108,46,180000.0,120555.9881286752
1132,65,125,53,38904.5145,68850.07286250492
1133,11,24,6,15078.99999,43313.357486355424
1134,42,100,45,180000.0,92634.24814638562
1135,37,72,31,53800.00004,43361.63614809398
1136,31,67,31,66000.00007,48253.8494406799
1137,69,147,74,49999.99996,67683.73632964655
1138,22,46,20,252000.0001,37515.05364802125
1139,23,41,15,26316.00002,29865.14738227811
1140,24,55,23,22000.00001,57471.55586723924
1141,27,53,20,72443.59601,46363.02655948261
1142,20,38,15,15400.00001,30030.403912932903
1143,20,39,16,36999.99999,30637.028017782613
1144,48,108,56,60500.00005,57921.29815693555
1145,26,49,19,26366.00002,36688.087502298484
1146,30,67,33,116700.0,44960.48292932121
1147,22,49,15,6900.000004,70975.5349739836
1148,36,95,41,80000.0,113346.76594467822
1149,36,70,28,26999.99999,50720.249806315835
1150,25,51,23,25499.99997,34607.96920063918
1151,28,58,18,13470.00001,72464.89422722309
1152,17,39,16,29299.99998,44487.385242266486
1153,29,57,26,5900.000005,31645.79924303887
1154,36,66,26,8999.999991,40383.60113406375
1155,32,71,37,107000.0001,38153.407865730755
1156,3,10,6,15.0,16383.84018044342
1157,17,39,15,6580.000006,48442.46136869314
1158,19,36,12,29899.99998,37389.01757115479
1159,22,54,28,70000.0,42368.046486818836
1160,33,72,34,45600.00004,49963.550734792494
1161,22,46,20,325999.9999,37515.05364802125
1162,36,76,33,232000.0001,58315.070561840694
1163,19,35,12,27235.00002,32827.31733987843
1164,19,36,14,17989.99999,29478.865318301476
1165,27,51,19,58917.99999,41194.702223356566
1166,71,133,55,67600.00001,69732.80801089483
1167,56,122,58,59500.00004,76940.6632099942
1168,23,59,23,17000.0,80335.14253383927
1169,24,57,30,8000.0,38909.423444805354
1170,45,76,24,115400.0,52359.68402622899
1171,21,42,15,93300.00005,43660.419096543716
1172,18,35,11,27400.00001,41399.179207799716
1173,33,64,21,47999.99996,64885.93852812815
1174,55,119,59,66069.3448,63917.27213123306
1175,104,226,112,129999.9999,116177.66084395407
1176,13,23,8,6600.000007,21607.933519236518
1177,21,38,11,3680.000003,41233.92267714491
1178,31,82,44,62300.00005,65263.363266278706
1179,68,136,62,16400.0,69582.7330442211
1180,18,40,14,21500.0,52342.45198490154
1181,30,56,23,36499.99996,34332.541649547835
1182,43,85,41,22000.00001,35412.26344145228
1183,16,30,8,36000.00002,39689.47791368715
1184,42,103,52,270000.0,78633.81595522808
1185,36,90,43,11481.53621,82628.11253544313
1186,36,82,44,39200.0,42179.43455880561
1187,29,73,36,28840.31503,65082.241679194
1188,37,74,30,18407.72001,56440.11273707331
1189,38,82,38,169824.3652,56676.31983437628
1190,22,56,26,21000.00001,59401.599202224854
1191,15,34,15,33100.00002,34867.53169530058
1192,28,54,21,9400.000009,42352.864922837696
1193,9,17,6,5633.802822,20615.02735041017
1194,48,88,30,105000.0,69519.27281850146
1195,40,90,44,9350.000003,60205.89344303797
1196,16,33,13,17500.00001,33599.19797538294
1197,25,49,19,78199.99999,41304.8732437931
1198,16,35,14,520000.0004,38767.52231150898
1199,19,34,11,9006.000008,32220.693235028713
1200,44,105,56,13300.0,62703.34042908496
1201,23,47,19,20800.0,41415.044264229626
1202,14,30,15,29000.00001,21237.5165116898
1203,13,26,8,4300.000004,35293.034213065584
1204,16,33,14,10390.00001,29644.12184895628
1205,13,33,12,31000.00001,51404.631326293464
1206,144,387,237,46000.00003,171555.4526163305
1207,28,54,20,10200.00001,46307.94104926436
1208,24,49,18,22067.0,49876.73511171439
1209,46,90,37,52398.00006,60190.71187905684
1210,30,80,34,154000.0001,100307.50980948721
1211,22,49,22,63499.99996,43290.002088997004
1212,39,96,43,140000.0,96147.95669861737
1213,70,70,0,16000.00001,4491.666135445039
1214,28,57,24,31699.99998,44172.7372373868
1215,21,47,20,27542.28703,46693.53962079221
1216,36,72,34,10300.00001,36113.193510308636
1217,16,34,12,18000.0,42115.97433308593
1218,18,47,26,7000.0,36813.44008671613
1219,37,78,36,36000.00002,50956.45690361884
1220,14,33,17,12060.00001,27012.464952665556
1221,18,40,14,26199.99998,52342.45198490154
1222,8,16,7,5999.999995,16715.036734201785
1223,16,37,12,25332.99999,55801.075026914994
1224,38,79,32,20350.00002,66721.67589910715
1225,21,47,18,392000.0,54603.69187364552
1226,15,29,11,12244.99999,27879.335044625437
1227,22,48,21,4199.999996,42683.37798414729
1228,17,39,16,26999.99999,44487.385242266486
1229,33,71,31,49099.99999,57267.078882796064
1230,10,32,14,3780.000001,52783.13606664765
1231,26,48,18,11000.0,36081.46339744877
1232,13,35,16,27999.99998,44707.727283139546
1233,16,40,22,2500.000002,29935.414456477534
1234,35,71,29,46500.00001,55943.659652660135
1235,25,51,19,26999.99999,50428.273706345804
1236,21,47,21,149000.0,42738.46349436555
1237,23,53,24,102329.2992,49009.86501975448
1238,25,47,17,16100.0,40091.62503409368
1239,56,114,50,68400.00004,72087.67037119664
1240,27,51,24,31999.99998,21419.321591223284
1241,36,74,28,41999.99996,68967.05073142124
1242,45,108,48,150000.0,103412.26439283264
1243,18,43,19,3199.999998,46252.172046597334
1244,25,56,22,27500.00001,61371.546483447615
1245,18,34,11,2280.0,36837.47897652334
1246,30,66,33,95899.99996,40398.78269804487
1247,25,73,31,17000.0,103324.76527730579
1248,15,39,17,12022.64435,49765.88059882907
1249,15,36,15,5300.000005,43990.93215785331
1250,38,94,47,120799.9999,75821.03747185264
1251,23,48,22,12022.64435,34111.51611622602
1252,27,65,34,34400.00003,45732.36356482568
1253,20,44,18,69183.09709,45535.37692131107
1254,15,31,12,3100.000001,33047.65938075149
1255,20,49,24,11499.99999,44613.42131913293
1256,47,115,66,80400.00005,54919.22425309814
1257,26,53,23,57300.0,39114.58392169726
1258,28,66,30,8900.000007,61497.58256031408
1259,36,72,28,96199.99999,59843.650268868565
1260,25,49,18,48977.88194,45259.94937021976
1261,42,84,40,2754.228703,39422.42507809722
1262,18,38,14,75857.7575,43219.05152234881
1263,42,72,27,40738.02778,36098.011946327475
1264,33,52,18,8900.000007,22010.764132091856
1265,26,53,23,52400.0,39114.58392169726
1266,12,28,10,31999.99998,41123.0681642596
1267,19,51,19,25200.0,78128.98815531353
1268,24,46,17,38530.0,40146.71054431198
1269,23,48,19,59299.99995,45976.74449550599
1270,25,59,25,43651.58322,63191.41879799672
1271,124,290,158,80307.99994,133857.2590001222
1272,57,99,42,82099.99998,30685.990171969926
1273,30,59,22,10799.99999,51972.718469803556
1274,84,172,78,22100.00002,96654.15148342957
1275,22,44,17,89166.99997,40256.88156474849
1276,16,30,9,28960.00003,35734.401787260496
1277,46,106,52,89000.00007,73851.77368307867
1278,23,41,14,2699.999999,33820.22350870477
1279,13,25,11,7413.102413,18866.10560250925
1280,12,23,9,47600.0,22269.64313430449
1281,19,45,23,6025.595861,34938.482261948775
1282,20,41,17,41686.93835,35805.35235390866
1283,16,34,15,18620.87137,30250.745953805963
1284,16,29,9,20417.37945,31172.70155598413
1285,14,32,8,18200.0,58046.44985922909
1286,39,106,48,170000.0,121989.57837924763
1287,50,92,38,19799.99999,46891.89324920441
1288,92,184,88,95999.99999,74909.50706252232
1289,19,40,17,42000.0,35860.43786412694
1290,21,43,18,20417.37945,36356.89094854012
1291,31,70,33,175893.9999,54028.79788165566
1292,8,14,0,12300.0,35277.16915663566
1293,38,74,36,15848.93192,28092.870237018727
1294,25,49,18,49000.0,45259.94937021976
1295,17,33,14,71300.00002,25027.336107461662
1296,25,47,16,21877.61624,44046.70116052034
1297,19,36,14,32800.00002,29478.865318301476
1298,47,95,44,22699.99999,50696.89440895743
1299,34,70,30,147910.8388,52043.66903645176
1300,48,99,48,3180.0,48506.60508686159
1301,14,26,12,27600.0,14855.943965864342
1302,16,46,20,30599.99997,65215.76809698897
1303,43,83,33,33884.41561,57929.47199031286
1304,40,84,34,2000.000002,72386.45331964639
1305,14,32,12,20800.0,42226.145353522465
1306,34,62,24,6639.999994,39280.523944800836
1307,24,52,21,8000.0,51696.60742626349
1308,54,117,57,25000.00002,67320.80966302831
1309,22,51,21,248000.0001,56368.47867797636
1310,22,55,14,51600.0,102300.81248806839
1311,16,34,13,61999.99993,38160.89820665927
1312,16,34,15,18620.87137,30250.745953805963
1313,48,80,30,53703.17964,33025.67096829066
1314,16,38,16,56099.99997,44542.47075248474
1315,4,13,5,18030.00001,29407.231259204516
1316,62,146,80,37101.99999,71709.0795302726
1317,48,110,42,6199.999993,122415.76438946146
1318,14,27,11,7599.999995,23372.720323567348
1319,23,44,18,85000.00006,31685.019696827214
1320,13,23,9,178000.0,17652.857392809863
1321,12,32,17,2349.999999,31684.336204378444
1322,19,47,22,16699.99999,48016.95885092813
1323,22,43,17,14000.00001,35695.18133347215
1324,15,33,10,33332.99998,50081.21209615753
1325,19,35,12,25227.99998,32827.31733987843
1326,23,47,18,87096.359,45370.12039065628
1327,30,50,19,198500.0,22782.644767596325
1328,9,17,6,10211.26761,20615.02735041017
1329,16,42,13,58.77000004,74654.50005687014
1330,19,43,15,59899.99995,57455.69081080932
1331,28,58,26,9820.000005,40824.28521580984
1332,22,49,20,55800.00001,51200.15434185032
1333,34,89,41,250000.0,95210.13604000935
1334,13,32,10,15470.00001,54753.083347870415
1335,21,52,24,4600.000003,53681.73627146738
1336,36,96,41,80000.0,117908.46617595456
1337,42,89,41,43617.99998,58275.850108052364
1338,69,127,58,91100.00001,39730.94972694597
1339,35,69,27,72119.99999,54730.41144296078
1340,37,72,28,156999.9999,55226.864527373946
1341,39,81,37,36499.99996,51452.90998803198
1342,48,82,24,87500.0,65879.52818940327
1343,18,47,26,3999.999997,36813.44008671613
1344,36,95,45,140000.0,97526.4614389716
1345,4,13,5,6100.0,29407.231259204516
1346,26,49,19,25531.00002,36688.087502298484
1347,24,47,19,3300.000001,36798.25852273501
1348,76,160,81,64399.99995,66982.80626079028
1349,34,62,24,7840.000006,39280.523944800836
1350,25,59,28,66069.3448,51326.190418716746
1351,48,121,49,170000.0,144908.9340485148
1352,27,57,27,213000.0,36924.29459960143
1353,36,80,40,33599.99997,48876.338601959564
1354,27,54,22,36999.99999,43014.57453790566
1355,14,36,15,98000.00007,48607.71789934793
1356,52,108,44,62499.99995,86915.0687080769
1357,11,28,15,1580.0,25964.47327362094
1358,22,50,21,34673.68505,51806.778446699995
1359,19,38,12,25499.99997,46512.41803370749
1360,64,144,62,235400.0003,124543.4778604105
1361,19,42,14,18000.0,56849.06670595961
1362,22,51,21,31622.7766,56368.47867797636
1363,48,90,28,14700.00001,86552.82553390751
1364,53,99,42,68000.00005,49153.1331379484
1365,33,86,46,47400.00004,66366.44045554163
1366,78,157,69,40299.99999,91525.04760109179
1367,40,67,24,11000.0,34388.31065221489
1368,64,108,40,36999.99999,47333.94431584807
1369,18,32,12,12022.64435,23759.002387543984
1370,21,46,20,10900.0,42131.83938951587
1371,14,36,17,19000.0,40697.56564649462
1372,38,76,34,48500.00004,45126.42295242477
1373,16,37,18,33500.0,32070.618268355065
1374,21,47,18,395000.0003,54603.69187364552
1375,16,34,11,34999.99997,46071.05045951259
1376,16,37,12,28000.0,55801.075026914994
1377,22,46,17,55499.99998,49380.28202730122
1378,20,44,18,91201.08394,45535.37692131107
1379,41,82,35,30387.00001,54691.19098917239
1380,10,20,9,13499.99998,17818.11392346466
1381,29,65,22,45008.00002,83959.70559895632
1382,22,36,14,38904.5145,15628.50809381762
1383,24,44,17,59999.99995,31023.31008175925
1384,8,20,8,46773.51413,31006.761532880562
1385,15,35,15,9873.0,39429.23192657695
1386,43,78,32,23988.32919,39076.046960357715
1387,16,34,11,36000.00002,46071.05045951259
1388,12,27,12,13489.62883,28651.21568012994
1389,33,71,27,80499.99993,73087.3833885027
1390,13,35,16,29000.00001,44707.727283139546
1391,14,28,13,14454.39771,20024.26830199039
1392,14,32,8,19699.99999,58046.44985922909
1393,14,24,10,26199.99998,13642.695756164938
1394,29,71,34,31622.7766,63868.99346949458
1395,64,132,60,269000.0,77713.22733794755
1396,20,34,11,28733.94492,27603.907493534094
1397,40,88,44,54000.00002,51082.492980485236
1398,22,51,21,380000.0003,56368.47867797636
1399,22,52,25,2699.999999,45109.874403546106
1400,21,55,28,4399.999995,51546.53245958982
1401,19,35,12,21278.00002,32827.31733987843
1402,33,74,32,66069.3448,66997.10345019848
1403,17,32,11,5511.0,32330.864255465265
1404,26,57,26,34999.99997,45496.15646752274
1405,20,44,16,22199.99998,53445.52917416438
1406,20,49,24,11799.99999,44613.42131913293
1407,40,110,50,92000.0,127709.44131000518
1408,16,34,10,47999.99996,50026.126585939244
1409,25,55,25,212000.0,44944.617872891315
1410,16,32,13,31.1,29037.497744106575
1411,37,77,37,56599.99998,42439.680545915784
1412,57,114,54,82999.99993,51650.58012399539
1413,60,118,52,3162.27766,63957.17607747022
1414,18,44,20,53199.99996,46858.796151447015
1415,23,53,27,133200.0001,37144.636640474506
1416,27,51,19,56664.99999,41194.702223356566
1417,30,57,26,8599.999995,27029.013501544236
1418,23,48,19,37345.00002,45976.74449550599
1419,32,60,18,67000.00005,63121.15172379734
1420,16,29,9,19952.62315,31172.70155598413
1421,14,35,13,63800.00004,51956.169920924876
1422,28,77,34,41700.0,95855.98059864732
1423,27,49,18,35704.99997,36026.37788723052
1424,16,30,8,54000.00002,39689.47791368715
1425,38,78,31,9549.92586,66115.05179425747
1426,25,59,25,50118.72336,63191.41879799672
1427,37,77,37,50199.99998,42439.680545915784
1428,37,102,46,140000.0,120886.50118998479
1429,93,192,90,20800.0,98876.17091838518
1430,37,71,29,61900.0,46710.0881696709
1431,40,110,50,92000.0,127709.44131000518
1432,20,52,21,20000.0,70163.75039224196
1433,39,106,48,170000.0,121989.57837924763
1434,35,61,21,91199.99993,41967.26635130983
1435,22,51,21,380000.0003,56368.47867797636
1436,51,95,43,50399.99995,36184.82756940558
1437,47,119,56,200000.0,112716.78644247004
1438,37,75,27,40199.99999,72867.04134762968
1439,16,40,17,12589.25412,49710.795088610816
1440,24,55,27,50100.00002,41651.251361532624
1441,38,72,30,43909.99999,42699.92653302599
1442,19,42,17,42299.99996,44983.838326679645
1443,26,94,58,29399.99997,87716.62897909491
1444,27,49,17,102600.0001,39981.454013657174
1445,16,41,19,15848.93192,46362.34306703384
1446,66,148,70,117000.0001,101916.09829111336
1447,9,21,7,54999.99994,34906.75214908895
1448,56,124,63,26000.0,66288.68304041361
1449,28,55,23,34312.99998,39004.41290126075
1450,26,54,24,53300.0,39721.20802654697
1451,16,30,11,20599.99998,27824.249534407183
1452,34,69,31,35299.99997,43526.89267874877
1453,20,40,14,19699.99999,43108.88050191229
1454,46,74,28,50118.72336,22799.193316475004
1455,26,53,19,33559.99999,54934.88842740389
1456,62,144,66,95500.00009,117956.74483769311
1457,23,59,23,17000.0,80335.14253383927
1458,17,37,16,22460.0,35363.984779713755
1459,41,85,33,34673.68505,76286.44393585477
1460,37,88,46,64100.00007,57022.697952115814
1461,20,43,19,10300.00001,37018.60056360808
1462,21,47,19,358000.0003,50648.615747218864
1463,26,58,24,18499.99998,57968.00895165242
1464,134,281,134,47000.00001,141555.9265379286
1465,130,255,114,43999.99995,120520.38601925477
1466,31,56,23,16000.00001,29715.755908053216
1467,28,60,27,43000.00004,45992.609551935915
1468,31,67,25,39810.71706,71984.30619923983
1469,26,53,17,47099.99999,62845.040680257196
1470,51,95,43,50399.99995,36184.82756940558
1471,25,56,22,18100.00001,61371.546483447615
1472,37,72,31,53099.99999,43361.63614809398
1473,39,72,29,35699.99999,42038.21691795802
1474,15,27,9,22449.99998,26666.086834926034
1475,28,53,19,39989.99999,45701.31694441465
1476,23,45,17,46468.00003,40201.796054530234
1477,25,49,21,34700.00002,33394.72099093979
1478,45,112,48,240000.0,121659.06531793805
1479,14,36,17,25000.00002,40697.56564649462
1480,15,28,10,32.80000002,27272.71093977573
1481,20,41,17,28840.31503,35805.35235390866
1482,48,92,35,74900.0,67990.69311147365
1483,69,143,67,89125.09381,77122.46828952778
1484,28,58,23,32588.00003,52689.513595089804
1485,24,49,18,12627.99999,49876.73511171439
1486,16,41,19,16982.43652,46362.34306703384
1487,28,59,23,48599.99997,57251.21382636614
1488,44,74,30,36800.00003,24122.612546610944
1489,28,50,20,39140.99999,28061.140124158923
1490,16,42,13,57.68000004,74654.50005687014
1491,46,96,41,43651.58322,71740.60876100836
1492,18,36,15,36999.99999,30140.574933369455
1493,25,51,23,23800.0,34607.96920063918
1494,32,56,18,32700.00003,44874.35079869188
1495,25,49,20,22094.00002,37349.79711736644
1496,20,44,18,70794.57844,45535.37692131107
1497,6,10,0,14500.0,26263.93971451949
1498,21,47,19,356000.0,50648.615747218864
1499,22,40,15,8780.000002,29920.232892496395
1500,40,84,32,87100.0,80296.60557249971
1501,28,68,34,22000.00001,54800.67851716013
1502,15,33,16,19498.446,26350.75533759759
1503,24,48,20,27700.0,37404.88262758471
1504,18,48,25,95999.99999,45330.21644441915
1505,30,59,22,11100.00001,51972.718469803556
1506,9,17,6,10399.99999,20615.02735041017
1507,38,70,30,10399.99999,33576.52607047326
1508,14,35,15,15135.61248,44046.01766807157
1509,24,52,19,15224.99999,59606.7596791168
1510,16,28,8,13639.99999,30566.07745113442
1511,48,81,30,21000.00001,37587.371199566995
1512,20,40,15,19899.99998,39153.80437548563
1513,2,7,3,150.0,19180.75360738893
1514,31,69,26,79200.00007,77152.6305353659
1515,18,34,11,4220.0,36837.47897652334
1516,21,40,18,30899.99997,22671.79025471105
1517,20,38,13,7289.999995,37940.55616578621
1518,54,126,56,102400.0001,112331.18787094223
1519,22,50,22,70794.57844,47851.70232027334
1520,13,24,9,1699.999999,22214.557624086214
1521,42,74,27,7461.0,45221.412408880155
1522,19,47,22,17200.0,48016.95885092813
1523,21,47,18,458000.0,54603.69187364552
1524,30,74,38,52480.74602,57117.0039161224
1525,21,39,14,4999.999996,33930.394529141304
1526,26,52,20,45708.81896,46418.112069700896
1527,37,78,36,27999.99998,50956.45690361884
1528,14,32,8,19200.00001,58046.44985922909
1529,33,73,31,50118.72336,66390.4793453488
1530,28,66,30,23399.99998,61497.58256031408
1531,30,68,31,76649.99997,57432.335413450855
1532,30,67,33,82599.99994,44960.48292932121
1533,12,20,4,42700.0,28359.9230726087
1534,40,88,44,44699.99999,51082.492980485236
1535,32,79,38,200000.0,70691.93358951496
1536,17,35,12,29199.99997,42060.88882286767
1537,30,58,25,43674.00002,35545.789859247256
1538,27,47,18,14255.00001,26902.97742467779
1539,23,63,25,25400.0,90671.79120609141
1540,17,37,15,54000.0,39319.06090614041
1541,27,52,19,10000.0,45756.40245463293
1542,41,95,48,49299.99997,62577.304352218525
1543,16,37,15,29799.99999,43935.84664763503
1544,34,60,22,7699.999997,38067.27573510147
1545,13,32,10,22100.00002,54753.083347870415
1546,54,117,57,27999.99998,67320.80966302831
1547,28,58,26,62403.99997,40824.28521580984
1548,26,53,19,15848.93192,54934.88842740389
1549,22,61,29,7952.999992,70344.87197932668
1550,56,114,50,72799.99995,72087.67037119664
1551,39,102,47,120000.0,107697.85358056889
1552,21,52,23,781999.9999,57636.812397894035
1553,37,72,33,29625.0,35451.48389524067
1554,19,36,14,30400.00003,29478.865318301476
1555,15,41,16,60699.99999,62844.357187808426
1556,20,41,16,19099.99999,39760.428480335315
1557,32,62,26,28844.99998,40603.943174936765
1558,42,76,29,165958.6907,46434.66061857957
1559,92,184,88,83999.99999,74909.50706252232
1560,22,50,22,91201.08394,47851.70232027334
1561,20,45,23,40699.99998,30321.696520454156
1562,36,68,27,10715.19305,45551.925470189766
1563,14,33,16,12302.68771,30967.54107909221
1564,46,85,34,39999.99997,49247.43910195502
1565,55,119,57,81283.05162,71827.42438408636
1566,22,55,27,36800.00003,50884.82284452186
1567,21,47,19,296999.9998,50648.615747218864
1568,20,38,13,11000.0,37940.55616578621
1569,28,60,29,120500.0,38082.4572990826
1570,18,43,23,54000.00002,30431.867540890707
1571,18,38,18,30080.00001,27398.74701664219
1572,23,51,20,30229.00003,55706.7690629084
1573,17,33,14,59999.99995,25027.336107461662
1574,23,63,25,25400.0,90671.79120609141
1575,20,49,24,12700.0,44613.42131913293
1576,3,12,7,2000.000002,21552.16451656947
1577,32,58,24,8799.999997,30267.294502684672
1578,18,48,25,71000.00005,45330.21644441915
1579,50,91,34,15184.99999,58150.49752363464
1580,28,50,20,47980.00004,28061.140124158923
1581,16,33,13,12500.0,33599.19797538294
1582,16,42,18,12589.25412,54879.11942473686
1583,14,32,15,31900.0,30360.9169742425
1584,19,39,15,33599.99997,39208.88988570389
1585,15,31,13,17299.99999,29092.58325432483
1586,20,45,22,29799.99999,34276.77264688081
1587,51,95,43,50299.99999,36184.82756940558
1588,45,80,32,16000.00001,38965.87593992121
1589,28,60,28,23100.00001,42037.53342550925
1590,15,34,15,36999.99999,34867.53169530058
1591,24,42,14,27400.00001,33765.13799848651
1592,51,139,67,160000.0,141977.81071132555
1593,58,112,49,6230.000005,57685.77455208132
1594,44,75,30,26915.34804,28684.31277788734
1595,25,60,28,13499.99998,55887.89064999314
1596,28,52,17,215000.0,49049.76896599162
1597,50,80,30,27999.99998,23792.09948530139
1598,41,80,30,79432.82347,65343.17115875299
1599,16,34,9,115999.9999,53981.2027123659
1600,21,45,20,20599.99998,37570.1391582395
1601,51,139,67,160000.0,141977.81071132555
1602,21,46,19,32299.99998,46086.91551594253
1603,19,45,22,3600.000002,38893.55838837543
1604,10,32,14,6917.000005,52783.13606664765
1605,33,67,28,34999.99997,50885.506336970626
1606,56,132,66,84699.99994,90917.05651134456
1607,13,29,10,15848.93192,41067.98265404135
1608,29,65,28,30902.95433,60229.24884039637
1609,19,34,13,38018.93963,24310.540982175404
1610,24,48,22,33899.99998,29494.7303747314
1611,29,57,26,5900.000005,31645.79924303887
1612,12,25,11,7477.000006,23482.891344003878
1613,33,60,23,51299.99999,38728.98535016944
1614,37,91,41,120000.0,90483.17927807817
1615,28,67,32,74999.99993,58149.1305387371
1616,17,32,12,30000.00002,28375.78812903861
1617,28,56,22,176999.9999,47521.18925896374
1618,28,52,18,98600.00001,45094.69283956497
1619,24,52,21,11455.00001,51696.60742626349
1620,21,47,19,401000.0004,50648.615747218864
1621,40,92,46,141999.9999,61419.14165273739
1622,27,49,17,60900.00005,39981.454013657174
1623,10,19,6,5581.000006,25121.64207146826
1624,13,26,10,21877.61624,27382.881960212275
1625,21,41,17,12882.49552,31188.56661241404
1626,24,54,27,64000.0,37089.55113025625
1627,5,12,5,15600.0,20228.74528643354
1628,46,89,35,22387.21139,63539.16390063382
1629,30,65,26,51286.1384,63522.61535175507
1630,18,32,11,11270.0,27714.07851397064
1631,31,75,32,70794.57844,80792.37516446412
1632,13,24,9,6700.000005,22214.557624086214
1633,39,83,34,50118.72336,72441.53882986467
1634,12,24,10,9149.000009,22876.267239154186
1635,58,115,46,169999.9999,83236.10362519042
1636,40,71,22,31622.7766,60545.2638301736
1637,45,114,54,140000.0,107052.00902193086
1638,13,27,12,4197.999998,24034.429938635312
1639,44,78,32,9800.0,34459.261218863096
1640,34,56,22,7413.102413,19820.474809996012
1641,54,124,53,154881.6619,115073.0157876694
1642,26,48,19,7413.102413,32126.387271022115
1643,25,49,20,21250.99999,37349.79711736644
1644,15,29,11,10496.0,27879.335044625437
1645,16,30,8,36000.00002,39689.47791368715
1646,32,78,36,232000.0001,74040.38561109194
1647,22,49,20,54600.00004,51200.15434185032
1648,21,45,21,24899.99999,33615.06303181285
1649,28,56,22,158999.9999,47521.18925896374
1650,30,60,25,64199.99999,44669.190321799986
1651,50,104,46,117000.0001,69991.68701310744
1652,13,28,11,2624.218543,32551.206296338325
1653,34,62,24,7759.999995,39280.523944800836
1654,29,59,22,54099.99999,56589.504211298176
1655,28,67,31,12200.00001,62104.20666516376
1656,20,37,14,10009.99999,29423.779808083193
1657,16,40,18,47999.99996,45755.71896218416
1658,23,54,25,12400.0,49616.48912460419
1659,25,68,31,37000.0,80516.264120924
1660,21,41,17,10964.78196,31188.56661241404
1661,34,60,25,53700.00004,26202.04735582151
1662,18,34,11,4530.0,36837.47897652334
1663,18,38,14,38800.00004,43219.05152234881
1664,15,36,15,26000.0,43990.93215785331
1665,40,66,26,30200.0,21916.458168085243
1666,27,49,19,16100.0,32071.30176080386
1667,13,33,13,34999.99997,47449.55519986681
1668,8,16,5,5300.000005,24625.1889870551
1669,20,42,19,32399.99998,32456.900332331712
1670,29,53,19,108399.9999,41084.53120292003
1671,20,36,13,22208.00001,28817.155703233515
1672,23,53,24,85113.80382,49009.86501975448
1673,22,60,26,22000.0,77648.4001273303
1674,76,148,64,28489.99998,79478.69763472705
1675,4,16,10,380.0000003,23316.951320900305
1676,21,51,27,32900.0,37254.80766091104
1677,21,39,15,3161.000001,29975.31840271465
1678,24,51,20,58607.99996,51089.98332141378
1679,69,147,74,43999.99995,67683.73632964655
1680,43,108,46,180000.0,120555.9881286752
1681,20,37,12,42700.0,37333.93206093651
1682,18,36,11,4102.04103,45960.87943907608
1683,36,77,35,28700.00002,54966.61854026372
1684,29,65,22,41824.00001,83959.70559895632
1685,51,95,43,51299.99999,36184.82756940558
1686,30,58,23,29500.0,43455.942112100565
1687,28,52,22,1699.999999,29274.38833385834
1688,14,27,11,10490.0,23372.720323567348
1689,13,24,9,789.9999995,22214.557624086214
1690,23,45,17,11599.99999,40201.796054530234
1691,23,48,19,31647.0,45976.74449550599
1692,46,92,37,95499.2586,69314.11234160958
1693,32,68,24,52480.74602,75884.29681544821
1694,24,53,24,8613.999992,44393.07927825986
1695,90,168,72,6400.0,74437.09286791633
1696,25,49,21,52499.99995,33394.72099093979
1697,24,54,24,33754.0,48954.77950953622
1698,47,85,33,61000.0,48585.72948688705
1699,48,89,37,31622.7766,46395.44016479127
1700,17,42,19,7000.0,46307.25755681559
1701,18,44,20,17099.99998,46858.796151447015
1702,16,35,14,279999.9998,38767.52231150898
1703,21,36,14,35481.33892,20245.293835312237
1704,19,38,12,30200.0,46512.41803370749
1705,17,39,18,12400.0,36577.232989413176
1706,34,78,37,63095.73445,60851.738001676036
1707,19,44,18,759999.9995,50152.16266280569
1708,39,71,27,58900.00003,45386.668939534946
1709,18,38,18,31339.99999,27398.74701664219
1710,23,51,20,25616.00003,55706.7690629084
1711,38,83,39,49913.00003,57282.94393922602
1712,13,28,10,141.9999999,36506.28242276498
1713,10,32,14,6954.999995,52783.13606664765
1714,24,55,27,28199.99998,41651.251361532624
1715,24,38,14,10799.99999,15518.337073381075
1716,61,123,58,38000.00003,58418.43473379746
1717,66,132,58,28100.00001,76389.80810781161
1718,60,124,58,13300.0,67596.92070656842
1719,45,71,25,14000.00001,25596.10674342054
1720,30,68,31,35000.0,57432.335413450855
1721,25,52,21,36200.00004,47079.82168476885
1722,36,90,38,34045.00004,102403.49316757641
1723,23,61,29,58103.99998,65728.08623783206
1724,17,36,16,37153.52291,30802.28454843742
1725,35,88,41,252999.9999,86031.65006723834
1726,44,119,46,200000.0,166117.90493122046
1727,23,40,15,41000.00003,25303.447151001776
1728,38,78,30,12882.49552,70070.12792068411
1729,40,103,49,220000.0,99732.61581749728
1730,22,49,15,10200.00001,70975.5349739836
1731,28,57,24,25299.99999,44172.7372373868
1732,27,53,20,97723.7221,46363.02655948261
1733,25,45,15,5999.999995,38878.37682439429
1734,17,32,10,8900.000007,36285.94038189192
1735,20,39,16,4999.999996,30637.028017782613
1736,30,59,25,13499.99998,40107.49009052359
1737,20,38,13,8599.999995,37940.55616578621
1738,21,41,18,37153.52291,27233.490485987386
1739,15,35,9,25000.00002,63159.68868513688
1740,21,53,26,4847.999998,50333.28424989041
1741,28,55,21,31738.99998,46914.56515411406
1742,11,28,15,1299.999999,25964.47327362094
1743,13,27,12,19054.60718,24034.429938635312
1744,38,64,26,23800.0,22026.629188521765
1745,38,85,37,10964.78196,74316.496654632
1746,20,38,12,36499.99996,41895.63229221287
1747,26,48,17,48899.99999,40036.53952387543
1748,17,41,20,17299.99999,37790.48119911256
1749,11,23,8,3800.000003,30841.505002225764
1750,17,35,14,6820.000005,34150.736570014364
1751,28,60,22,13300.0,65767.99018406919
1752,22,50,22,33884.41561,47851.70232027334
1753,17,36,16,16982.43652,30802.28454843742
1754,18,40,14,24599.99999,52342.45198490154
1755,42,97,46,180000.0,74994.0713261299
1756,58,134,66,70000.0,90806.885490908
1757,13,25,9,4340.000005,26776.257855362564
1758,17,42,15,43.07000002,62127.56206252221
1759,18,34,10,37200.00001,40792.555102950006
1760,31,64,28,64000.0,46433.9771261308
1761,16,32,11,6230.000005,36947.64999695988
